leading_item_id,following_item_id,value
AANGBULD,APQGTRMF,360075
AANGBULD,DEWLVASR,610115
AANGBULD,DNMPSKTB,4999179
AANGBULD,EVBVXETX,4904136
AANGBULD,FTSVTTSR,387062
AANGBULD,GKQIJYDH,7767591
AANGBULD,GYHKIVQT,19557585
AANGBULD,KJNSOAHR,14261630
AANGBULD,LLHREMKS,251359
AANGBULD,NAQIHUKZ,206618
AANGBULD,OKMBFVKS,2192509
AANGBULD,SDWAYPIK,5972197
AANGBULD,UIFPPCLR,423532
AANGBULD,VUAFAIYJ,902514
AANGBULD,ZCELVYQU,388759
AANGBULD,ZKENOUDA,556020
AHMDUILJ,APQGTRMF,252246
AHMDUILJ,ATLDMDBO,43149619
AHMDUILJ,BUZIIBYG,14291629
AHMDUILJ,DUCMGGNW,928597
AHMDUILJ,LRVGFDFM,2097127
AHMDUILJ,QRKRBYJL,2352398
AHMDUILJ,RAWUKQMJ,3883079
AHMDUILJ,UXSPKBJR,670983
AHMDUILJ,WPQXWHYO,11561890
AHMDUILJ,XIIEJNEE,255527
APQGTRMF,ATLDMDBO,43144586
APQGTRMF,AXULOHBQ,264553
APQGTRMF,BEZYMBBT,3100814
APQGTRMF,BSRMSVTC,548301
APQGTRMF,BTMOEMEP,14601681
APQGTRMF,DBWLZWNK,358089
APQGTRMF,DJBLNPNC,223649
APQGTRMF,DNMPSKTB,4877487
APQGTRMF,DUCMGGNW,919257
APQGTRMF,FDXPMYGF,221687
APQGTRMF,GYHKIVQT,19445507
APQGTRMF,HXYSSRXE,4797529
APQGTRMF,JPBRUTWP,5685538
APQGTRMF,OGAFEHLU,217009
APQGTRMF,OKMBFVKS,2067733
APQGTRMF,OXKURKXR,310818
APQGTRMF,QRKRBYJL,2347830
APQGTRMF,QVLMOEYE,1142142
APQGTRMF,RAWUKQMJ,3873469
APQGTRMF,RCBZUSIM,213387
APQGTRMF,SDWAYPIK,5869997
APQGTRMF,UIFPPCLR,309243
APQGTRMF,VMAQSTJE,236864
APQGTRMF,WBLJNPZQ,365534
APQGTRMF,WHPUAOID,237188
APQGTRMF,XUOIQPFL,2203769
APQGTRMF,YSYHGLQK,333853
APQGTRMF,ZGJXVMNI,2594656
ATLDMDBO,APQGTRMF,79444
ATLDMDBO,AXULOHBQ,83961
ATLDMDBO,BSRMSVTC,282501
ATLDMDBO,BTMOEMEP,14442629
ATLDMDBO,DBWLZWNK,175009
ATLDMDBO,DEWLVASR,568637
ATLDMDBO,DNMPSKTB,4592402
ATLDMDBO,FQCLOEXA,2021296
ATLDMDBO,GYHKIVQT,19153084
ATLDMDBO,HXYSSRXE,4663763
ATLDMDBO,IGDVVKUD,70963
ATLDMDBO,JPBRUTWP,5498881
ATLDMDBO,LPHPPJUG,1220338
ATLDMDBO,LRVGFDFM,1947039
ATLDMDBO,OGAFEHLU,29440
ATLDMDBO,OKMBFVKS,1957539
ATLDMDBO,OXKURKXR,138936
ATLDMDBO,QRKRBYJL,2172014
ATLDMDBO,QVLMOEYE,938024
ATLDMDBO,RAWUKQMJ,3731639
ATLDMDBO,RCBZUSIM,80258
ATLDMDBO,SDWAYPIK,5663918
ATLDMDBO,UGEQLMXM,112784
ATLDMDBO,UXSPKBJR,530169
ATLDMDBO,VBYCLTYZ,533863
ATLDMDBO,XUOIQPFL,2058361
ATLDMDBO,ZGJXVMNI,2344441
ATLDMDBO,ZKENOUDA,527120
AXULOHBQ,BJALXPFS,364043
AXULOHBQ,BSRMSVTC,532066
AXULOHBQ,DNMPSKTB,4897934
AXULOHBQ,EVBVXETX,5029131
AXULOHBQ,FDXPMYGF,206541
AXULOHBQ,FQCLOEXA,2303509
AXULOHBQ,HCDTGMST,252979
AXULOHBQ,HXYSSRXE,4811360
AXULOHBQ,KEUWZRKO,520864
AXULOHBQ,LUENUFGA,3491266
AXULOHBQ,NZKBIBNU,579726
AXULOHBQ,OGAFEHLU,193887
AXULOHBQ,OKMBFVKS,2082660
AXULOHBQ,PYZMVUWD,198904
AXULOHBQ,RJGPVEXX,970750
AXULOHBQ,SAHWCZNH,1815677
AXULOHBQ,UXSPKBJR,795682
AXULOHBQ,VMAQSTJE,225036
AXULOHBQ,WBLJNPZQ,376240
AXULOHBQ,WPQXWHYO,11681521
AXULOHBQ,XIFHSOWQ,248903
AXULOHBQ,XUOIQPFL,2205514
AXULOHBQ,ZGJXVMNI,2593694
AXULOHBQ,ZKENOUDA,681176
BEZYMBBT,ATLDMDBO,43135635
BEZYMBBT,DBWLZWNK,340825
BEZYMBBT,DNMPSKTB,4885429
BEZYMBBT,ELQGMQWE,978621
BEZYMBBT,GYHKIVQT,19432425
BEZYMBBT,HXYSSRXE,4766535
BEZYMBBT,JPBRUTWP,5668408
BEZYMBBT,KJNSOAHR,14350588
BEZYMBBT,OKMBFVKS,2052693
BEZYMBBT,QRKRBYJL,2329149
BEZYMBBT,RAWUKQMJ,3868175
BEZYMBBT,RCBZUSIM,203418
BEZYMBBT,RJGPVEXX,942863
BEZYMBBT,SDWAYPIK,5851413
BEZYMBBT,WBLJNPZQ,358458
BEZYMBBT,XMKRPGLB,1280336
BEZYMBBT,ZKENOUDA,661316
BJALXPFS,DNMPSKTB,4881957
BJALXPFS,GYHKIVQT,19448552
BJALXPFS,KEUWZRKO,546392
BJALXPFS,LTOYKIML,738172
BJALXPFS,OGAFEHLU,209101
BJALXPFS,QRKRBYJL,2342742
BJALXPFS,QVLMOEYE,1149524
BJALXPFS,RCBZUSIM,225024
BJALXPFS,RJGPVEXX,971098
BJALXPFS,SDWAYPIK,5857755
BJALXPFS,SNHYOVBM,413463
BJALXPFS,UGEQLMXM,398614
BJALXPFS,VMAQSTJE,240377
BLANHGYY,AXULOHBQ,259296
BLANHGYY,BJALXPFS,372953
BLANHGYY,BSRMSVTC,497716
BLANHGYY,DNMPSKTB,4892691
BLANHGYY,EVBVXETX,5019026
BLANHGYY,FDXPMYGF,186307
BLANHGYY,FITUEHWN,285405
BLANHGYY,FQCLOEXA,2303482
BLANHGYY,HCDTGMST,231460
BLANHGYY,HXYSSRXE,4807346
BLANHGYY,JBVHSUWY,568956
BLANHGYY,KEUWZRKO,519079
BLANHGYY,LPHPPJUG,1475744
BLANHGYY,LRVGFDFM,2095929
BLANHGYY,OGAFEHLU,181211
BLANHGYY,PYZMVUWD,219987
BLANHGYY,SAHWCZNH,1831158
BLANHGYY,SUOYXCHP,194857
BLANHGYY,TGOELCAG,432827
BLANHGYY,UQYUIVVR,7369162
BLANHGYY,VMAQSTJE,203994
BLANHGYY,WBLJNPZQ,366777
BLANHGYY,WPQXWHYO,11681507
BLANHGYY,WQMVCOEM,217227
BLANHGYY,XUOIQPFL,2203059
BSRMSVTC,BEZYMBBT,3100204
BSRMSVTC,EVBVXETX,5015020
BSRMSVTC,FITUEHWN,274445
BSRMSVTC,HCDTGMST,244477
BSRMSVTC,JBVHSUWY,576401
BSRMSVTC,JPBRUTWP,5680835
BSRMSVTC,KEUWZRKO,532428
BSRMSVTC,LSOIUSXD,439102
BSRMSVTC,LUENUFGA,3500556
BSRMSVTC,OGAFEHLU,193798
BSRMSVTC,PYZMVUWD,219855
BSRMSVTC,RJGPVEXX,968919
BSRMSVTC,ROACSLMG,2440111
BSRMSVTC,STZDBITS,21938712
BSRMSVTC,TGOELCAG,431352
BSRMSVTC,UIFPPCLR,313197
BSRMSVTC,VMAQSTJE,210410
BSRMSVTC,WPQXWHYO,11679060
BSRMSVTC,XIFHSOWQ,239417
BSRMSVTC,XUOIQPFL,2198377
BTMOEMEP,APQGTRMF,180200
BTMOEMEP,ATLDMDBO,43075254
BTMOEMEP,BLANHGYY,219041
BTMOEMEP,BSRMSVTC,511125
BTMOEMEP,DBWLZWNK,310515
BTMOEMEP,DNMPSKTB,4835604
BTMOEMEP,FRHNWLNI,945319
BTMOEMEP,GYHKIVQT,19370723
BTMOEMEP,HXYSSRXE,4736296
BTMOEMEP,IGDVVKUD,163501
BTMOEMEP,JBVHSUWY,514227
BTMOEMEP,JPBRUTWP,5599760
BTMOEMEP,LPHPPJUG,1436628
BTMOEMEP,LRVGFDFM,2020716
BTMOEMEP,OGAFEHLU,160779
BTMOEMEP,OKMBFVKS,2002636
BTMOEMEP,OXKURKXR,254064
BTMOEMEP,QRKRBYJL,2298547
BTMOEMEP,QVLMOEYE,1072247
BTMOEMEP,RAWUKQMJ,3794152
BTMOEMEP,RCBZUSIM,168652
BTMOEMEP,SDWAYPIK,5802351
BTMOEMEP,UGEQLMXM,339204
BTMOEMEP,UXSPKBJR,645619
BTMOEMEP,VBYCLTYZ,628973
BTMOEMEP,WBLJNPZQ,302652
BTMOEMEP,WQMVCOEM,136896
BTMOEMEP,XIIEJNEE,185536
BTMOEMEP,XUOIQPFL,2160522
BUZIIBYG,BTMOEMEP,14511235
BUZIIBYG,DJBLNPNC,133273
BUZIIBYG,FDXPMYGF,121520
BUZIIBYG,FRHNWLNI,888180
BUZIIBYG,FWUCPMMW,118085
BUZIIBYG,RJGPVEXX,768380
BUZIIBYG,SAHWCZNH,1888815
BUZIIBYG,UXSPKBJR,616992
BUZIIBYG,WPQXWHYO,11478268
BUZIIBYG,ZXERAXWP,166686
CCLHWFWF,DBWLZWNK,269021
CCLHWFWF,DUCMGGNW,878150
CCLHWFWF,FCYBOAXC,103258662
CCLHWFWF,FQCLOEXA,2028114
CCLHWFWF,FWUCPMMW,55898
CCLHWFWF,LRVGFDFM,2045481
CCLHWFWF,LSOIUSXD,264435
CCLHWFWF,LTOYKIML,474436
CCLHWFWF,OGAFEHLU,106253
CCLHWFWF,VBYCLTYZ,542704
CCLHWFWF,VUAFAIYJ,988140
CCLHWFWF,VWMBASNE,113709
CCLHWFWF,WHPUAOID,74278
DBWLZWNK,APQGTRMF,243712
DBWLZWNK,ATLDMDBO,43151969
DBWLZWNK,AXULOHBQ,250848
DBWLZWNK,BTMOEMEP,14597199
DBWLZWNK,ELQGMQWE,987961
DBWLZWNK,FRHNWLNI,967178
DBWLZWNK,FWUCPMMW,226212
DBWLZWNK,GYHKIVQT,19454064
DBWLZWNK,IGDVVKUD,229453
DBWLZWNK,JBVHSUWY,574701
DBWLZWNK,JPBRUTWP,5691465
DBWLZWNK,LRVGFDFM,2097358
DBWLZWNK,LSOIUSXD,444948
DBWLZWNK,QRKRBYJL,2348651
DBWLZWNK,QVLMOEYE,1126868
DBWLZWNK,RCBZUSIM,206924
DBWLZWNK,UXSPKBJR,683290
DBWLZWNK,VBYCLTYZ,715742
DBWLZWNK,WHPUAOID,245981
DDEXPPXU,JERHKLYW,339045
DDEXPPXU,NZKBIBNU,464168
DEWLVASR,APQGTRMF,375946
DEWLVASR,BEZYMBBT,3207210
DEWLVASR,DNMPSKTB,5003601
DEWLVASR,ELQGMQWE,875020
DEWLVASR,EVBVXETX,4905991
DEWLVASR,GYHKIVQT,19575065
DEWLVASR,JPBRUTWP,5794376
DEWLVASR,KJNSOAHR,14236992
DEWLVASR,OGAFEHLU,321719
DEWLVASR,OKMBFVKS,2203711
DEWLVASR,RAWUKQMJ,3985760
DEWLVASR,SDWAYPIK,5991436
DEWLVASR,UIFPPCLR,426912
DEWLVASR,VMAQSTJE,354794
DEWLVASR,WPQXWHYO,11554240
DEWLVASR,XUOIQPFL,2304115
DEWLVASR,ZCELVYQU,400995
DEWLVASR,ZGJXVMNI,2490872
DEWLVASR,ZKENOUDA,550254
DEWLVASR,ZXERAXWP,217243
DJBLNPNC,AXULOHBQ,261832
DJBLNPNC,BLANHGYY,242836
DJBLNPNC,BSRMSVTC,508885
DJBLNPNC,FDXPMYGF,171061
DJBLNPNC,MBSBZBXA,4651470
DJBLNPNC,ROACSLMG,2435017
DJBLNPNC,SUOYXCHP,201976
DJBLNPNC,UQYUIVVR,7355941
DJBLNPNC,UXSPKBJR,687291
DJBLNPNC,WBLJNPZQ,369109
DJBLNPNC,WHPUAOID,236764
DJBLNPNC,WQMVCOEM,203233
DNMPSKTB,AANGBULD,764129
DNMPSKTB,APQGTRMF,228962
DNMPSKTB,ATLDMDBO,43101398
DNMPSKTB,AXULOHBQ,234956
DNMPSKTB,DBWLZWNK,344344
DNMPSKTB,DEWLVASR,734264
DNMPSKTB,ELQGMQWE,972621
DNMPSKTB,EVBVXETX,5004278
DNMPSKTB,FQCLOEXA,2281466
DNMPSKTB,GYHKIVQT,19397701
DNMPSKTB,HXYSSRXE,4782978
DNMPSKTB,IGDVVKUD,205760
DNMPSKTB,JPBRUTWP,5644229
DNMPSKTB,KJNSOAHR,14341609
DNMPSKTB,LPHPPJUG,1456937
DNMPSKTB,LRVGFDFM,2057075
DNMPSKTB,OGAFEHLU,163470
DNMPSKTB,OKMBFVKS,2026708
DNMPSKTB,OXKURKXR,283464
DNMPSKTB,QJQJSWFU,307918
DNMPSKTB,QRKRBYJL,2296635
DNMPSKTB,QVLMOEYE,1091580
DNMPSKTB,RAWUKQMJ,3849968
DNMPSKTB,RCBZUSIM,198424
DNMPSKTB,RJGPVEXX,952040
DNMPSKTB,SDWAYPIK,5814895
DNMPSKTB,UGEQLMXM,355494
DNMPSKTB,UIFPPCLR,290257
DNMPSKTB,VBYCLTYZ,675210
DNMPSKTB,VWMBASNE,278456
DNMPSKTB,WBLJNPZQ,349410
DNMPSKTB,XIFHSOWQ,244584
DNMPSKTB,XIIEJNEE,228650
DNMPSKTB,XUOIQPFL,2159059
DNMPSKTB,ZGJXVMNI,2596406
DNMPSKTB,ZKENOUDA,686420
DUCMGGNW,BLANHGYY,252968
DUCMGGNW,OGAFEHLU,215735
DUCMGGNW,RJGPVEXX,956277
DUCMGGNW,UXSPKBJR,676336
ELQGMQWE,AANGBULD,654863
ELQGMQWE,DEWLVASR,630759
ELQGMQWE,FITUEHWN,285934
ELQGMQWE,FQCLOEXA,2163157
ELQGMQWE,FTSVTTSR,388709
ELQGMQWE,GYHKIVQT,19564432
ELQGMQWE,HXYSSRXE,4914596
ELQGMQWE,JSLXRQOK,229141
ELQGMQWE,KEUWZRKO,650402
ELQGMQWE,KJNSOAHR,14247331
ELQGMQWE,LLHREMKS,237607
ELQGMQWE,NAQIHUKZ,219206
ELQGMQWE,OKMBFVKS,2212723
ELQGMQWE,SDWAYPIK,5973508
ELQGMQWE,UIFPPCLR,426740
ELQGMQWE,WBLJNPZQ,479517
ELQGMQWE,XIIEJNEE,238744
ELQGMQWE,XUOIQPFL,2304910
ELQGMQWE,ZKENOUDA,564722
EVBVXETX,ATLDMDBO,43135177
EVBVXETX,BJALXPFS,350598
EVBVXETX,BLANHGYY,241051
EVBVXETX,DNMPSKTB,4878326
EVBVXETX,FDXPMYGF,192296
EVBVXETX,FQCLOEXA,2169887
EVBVXETX,FRHNWLNI,940115
EVBVXETX,IGDVVKUD,203509
EVBVXETX,KEUWZRKO,644321
EVBVXETX,KJNSOAHR,14226151
EVBVXETX,LUENUFGA,3614502
EVBVXETX,MIRCVAMV,357718
EVBVXETX,NZKBIBNU,441985
EVBVXETX,QRKRBYJL,2329613
EVBVXETX,RCBZUSIM,208771
EVBVXETX,SAHWCZNH,1951477
EVBVXETX,WPQXWHYO,11511541
EVBVXETX,XIFHSOWQ,360243
EVBVXETX,XIPPENFQ,426680
EVBVXETX,ZCELVYQU,389102
FCYBOAXC,FRHNWLNI,502550
FCYBOAXC,FWUCPMMW,0
FCYBOAXC,QKXNTIIB,1179881
FCYBOAXC,VUAFAIYJ,391167
FDXPMYGF,BSRMSVTC,518419
FDXPMYGF,DUCMGGNW,932948
FDXPMYGF,FITUEHWN,276967
FDXPMYGF,HCDTGMST,218664
FDXPMYGF,HXYSSRXE,4801177
FDXPMYGF,JERHKLYW,223195
FDXPMYGF,JPBRUTWP,5691423
FDXPMYGF,KEUWZRKO,544366
FDXPMYGF,LUENUFGA,3476033
FDXPMYGF,OGAFEHLU,181364
FDXPMYGF,PYZMVUWD,220820
FDXPMYGF,SUOYXCHP,199239
FDXPMYGF,TGOELCAG,433141
FDXPMYGF,VMAQSTJE,231093
FDXPMYGF,WBLJNPZQ,377422
FDXPMYGF,WPQXWHYO,11666870
FDXPMYGF,WQMVCOEM,215370
FDXPMYGF,XIFHSOWQ,256396
FITUEHWN,KJNSOAHR,14261484
FITUEHWN,RCBZUSIM,228948
FITUEHWN,SAAYMURU,243918
FITUEHWN,STZDBITS,21939466
FQCLOEXA,AXULOHBQ,369077
FQCLOEXA,BSRMSVTC,659295
FQCLOEXA,DEWLVASR,630460
FQCLOEXA,EVBVXETX,4876139
FQCLOEXA,FITUEHWN,268257
FQCLOEXA,FRHNWLNI,962478
FQCLOEXA,IGDVVKUD,223392
FQCLOEXA,KEUWZRKO,646659
FQCLOEXA,LUENUFGA,3622006
FQCLOEXA,NZKBIBNU,454497
FQCLOEXA,PYZMVUWD,331806
FQCLOEXA,QJQJSWFU,433687
FQCLOEXA,SAHWCZNH,1964078
FQCLOEXA,SNHYOVBM,412566
FQCLOEXA,WPQXWHYO,11543818
FQCLOEXA,XIFHSOWQ,370664
FQCLOEXA,XIPPENFQ,445465
FQCLOEXA,ZCELVYQU,400828
FQCLOEXA,ZKENOUDA,574979
FQCLOEXA,ZXERAXWP,232095
FRHNWLNI,ATLDMDBO,43133314
FRHNWLNI,BLANHGYY,261916
FRHNWLNI,DNMPSKTB,4886723
FRHNWLNI,DUCMGGNW,923061
FRHNWLNI,HXYSSRXE,4805088
FRHNWLNI,IGDVVKUD,223012
FRHNWLNI,LPHPPJUG,1469823
FRHNWLNI,LUENUFGA,3616355
FRHNWLNI,QRKRBYJL,2329370
FRHNWLNI,RCBZUSIM,223301
FRHNWLNI,VBYCLTYZ,710312
FTSVTTSR,DEWLVASR,635085
FTSVTTSR,GKQIJYDH,7784202
FTSVTTSR,KAGJCHMR,228927
FTSVTTSR,LLHREMKS,204234
FTSVTTSR,MBSBZBXA,4649101
FTSVTTSR,SAAYMURU,225753
FTSVTTSR,SNHYOVBM,419634
FTSVTTSR,STZDBITS,21939705
FTSVTTSR,TGOELCAG,438616
FTSVTTSR,XIIEJNEE,236219
FTSVTTSR,ZCELVYQU,387093
FWUCPMMW,AXULOHBQ,263394
FWUCPMMW,BLANHGYY,262304
FWUCPMMW,BSRMSVTC,532535
FWUCPMMW,FDXPMYGF,197229
FWUCPMMW,FTSVTTSR,375484
FWUCPMMW,JSLXRQOK,215005
FWUCPMMW,LLHREMKS,219377
FWUCPMMW,NAQIHUKZ,198900
FWUCPMMW,WBLJNPZQ,374851
FWUCPMMW,WHPUAOID,231836
FWUCPMMW,XIIEJNEE,230114
GKQIJYDH,FWUCPMMW,0
GKQIJYDH,XMKRPGLB,1118056
GKQIJYDH,YSYHGLQK,0
GKQIJYDH,ZXERAXWP,226740
GYHKIVQT,AANGBULD,767363
GYHKIVQT,APQGTRMF,184382
GYHKIVQT,ATLDMDBO,43129122
GYHKIVQT,AXULOHBQ,150359
GYHKIVQT,BEZYMBBT,3064094
GYHKIVQT,BSRMSVTC,468852
GYHKIVQT,DEWLVASR,651622
GYHKIVQT,DNMPSKTB,4769917
GYHKIVQT,ELQGMQWE,893808
GYHKIVQT,EVBVXETX,4935738
GYHKIVQT,FQCLOEXA,2251456
GYHKIVQT,HXYSSRXE,4730395
GYHKIVQT,KEUWZRKO,436444
GYHKIVQT,KJNSOAHR,14312015
GYHKIVQT,LPHPPJUG,1415644
GYHKIVQT,NZKBIBNU,490982
GYHKIVQT,OGAFEHLU,109181
GYHKIVQT,OKMBFVKS,2018068
GYHKIVQT,QRKRBYJL,2283657
GYHKIVQT,QVLMOEYE,1080779
GYHKIVQT,RCBZUSIM,156025
GYHKIVQT,RJGPVEXX,934310
GYHKIVQT,SAHWCZNH,1725942
GYHKIVQT,SDWAYPIK,5798271
GYHKIVQT,UIFPPCLR,228295
GYHKIVQT,VWMBASNE,252570
GYHKIVQT,WBLJNPZQ,340666
GYHKIVQT,WPQXWHYO,11571756
GYHKIVQT,XUOIQPFL,2161369
GYHKIVQT,ZGJXVMNI,2553382
GYHKIVQT,ZKENOUDA,633871
GYHKIVQT,ZXERAXWP,294859
HCDTGMST,AHMDUILJ,308725
HCDTGMST,ATLDMDBO,43261651
HCDTGMST,BEZYMBBT,3210324
HCDTGMST,FRHNWLNI,1077728
HCDTGMST,JERHKLYW,216618
HCDTGMST,KEUWZRKO,541132
HCDTGMST,LUENUFGA,3508723
HCDTGMST,MBSBZBXA,4647096
HCDTGMST,RCBZUSIM,329714
HCDTGMST,STZDBITS,21940698
HCDTGMST,XIFHSOWQ,254694
HXYSSRXE,ATLDMDBO,43134543
HXYSSRXE,AXULOHBQ,231168
HXYSSRXE,BLANHGYY,234708
HXYSSRXE,BSRMSVTC,501052
HXYSSRXE,DEWLVASR,715930
HXYSSRXE,DNMPSKTB,4851254
HXYSSRXE,EVBVXETX,5006929
HXYSSRXE,FDXPMYGF,195668
HXYSSRXE,FQCLOEXA,2290644
HXYSSRXE,GYHKIVQT,19419100
HXYSSRXE,JBVHSUWY,545496
HXYSSRXE,JPBRUTWP,5661795
HXYSSRXE,KEUWZRKO,511967
HXYSSRXE,LPHPPJUG,1449429
HXYSSRXE,OGAFEHLU,171835
HXYSSRXE,PYZMVUWD,181265
HXYSSRXE,RAWUKQMJ,3856565
HXYSSRXE,RJGPVEXX,950109
HXYSSRXE,SAHWCZNH,1810594
HXYSSRXE,SDWAYPIK,5837034
HXYSSRXE,SUOYXCHP,199930
HXYSSRXE,UGEQLMXM,362390
HXYSSRXE,XIFHSOWQ,223494
HXYSSRXE,ZGJXVMNI,2580301
HXYSSRXE,ZKENOUDA,667253
IGDVVKUD,ATLDMDBO,43144737
IGDVVKUD,BLANHGYY,269112
IGDVVKUD,BSRMSVTC,546844
IGDVVKUD,BTMOEMEP,14582583
IGDVVKUD,DJBLNPNC,174703
IGDVVKUD,DNMPSKTB,4893227
IGDVVKUD,FDXPMYGF,215661
IGDVVKUD,FWUCPMMW,235129
IGDVVKUD,HXYSSRXE,4784949
IGDVVKUD,LRVGFDFM,2099873
IGDVVKUD,QRKRBYJL,2353254
IGDVVKUD,QVLMOEYE,1139699
IGDVVKUD,ROACSLMG,2317091
IGDVVKUD,SDWAYPIK,5863327
IGDVVKUD,SNHYOVBM,413485
IGDVVKUD,SUOYXCHP,190374
IGDVVKUD,UGEQLMXM,400359
IGDVVKUD,UXSPKBJR,675786
IGDVVKUD,VBYCLTYZ,695800
IGDVVKUD,WHPUAOID,245433
IGDVVKUD,WQMVCOEM,211424
JBVHSUWY,APQGTRMF,248399
JBVHSUWY,BEZYMBBT,3104416
JBVHSUWY,ELQGMQWE,1005543
JBVHSUWY,FTSVTTSR,391471
JBVHSUWY,KEUWZRKO,546215
JBVHSUWY,KJNSOAHR,14369792
JBVHSUWY,LLHREMKS,260190
JBVHSUWY,LTOYKIML,745855
JBVHSUWY,NAQIHUKZ,207660
JBVHSUWY,SAAYMURU,247280
JBVHSUWY,SUOYXCHP,217761
JBVHSUWY,VMAQSTJE,243416
JBVHSUWY,ZKENOUDA,681947
JERHKLYW,BEZYMBBT,3208360
JERHKLYW,DBWLZWNK,472062
JERHKLYW,QKXNTIIB,1548288
JERHKLYW,TGOELCAG,432244
JERHKLYW,VUAFAIYJ,909137
JERHKLYW,XIPPENFQ,338637
JPBRUTWP,APQGTRMF,214590
JPBRUTWP,ATLDMDBO,43109452
JPBRUTWP,AXULOHBQ,244095
JPBRUTWP,BEZYMBBT,3079131
JPBRUTWP,BTMOEMEP,14578936
JPBRUTWP,DEWLVASR,719984
JPBRUTWP,DNMPSKTB,4863421
JPBRUTWP,ELQGMQWE,974238
JPBRUTWP,FDXPMYGF,201533
JPBRUTWP,FQCLOEXA,2283799
JPBRUTWP,GYHKIVQT,19404993
JPBRUTWP,HXYSSRXE,4782510
JPBRUTWP,JBVHSUWY,546556
JPBRUTWP,KJNSOAHR,14341512
JPBRUTWP,OGAFEHLU,194930
JPBRUTWP,OKMBFVKS,2048542
JPBRUTWP,OXKURKXR,286620
JPBRUTWP,QRKRBYJL,2312573
JPBRUTWP,QVLMOEYE,1100710
JPBRUTWP,RCBZUSIM,188604
JPBRUTWP,RJGPVEXX,936234
JPBRUTWP,SDWAYPIK,5834045
JPBRUTWP,UGEQLMXM,380054
JPBRUTWP,VBYCLTYZ,685057
JPBRUTWP,VWMBASNE,287029
JPBRUTWP,WBLJNPZQ,346512
JPBRUTWP,XUOIQPFL,2179557
JPBRUTWP,ZGJXVMNI,2587303
JPBRUTWP,ZKENOUDA,668552
JSLXRQOK,BUZIIBYG,14398629
JSLXRQOK,DJBLNPNC,213625
JSLXRQOK,FTSVTTSR,350382
JSLXRQOK,KJNSOAHR,14255245
JSLXRQOK,LLHREMKS,215351
JSLXRQOK,NAQIHUKZ,176722
JSLXRQOK,SAAYMURU,245716
JSLXRQOK,STZDBITS,21943943
JSLXRQOK,TGOELCAG,436427
JSLXRQOK,XIIEJNEE,232057
KAGJCHMR,AANGBULD,671867
KAGJCHMR,DDEXPPXU,230232
KAGJCHMR,FQCLOEXA,2188587
KAGJCHMR,FWUCPMMW,217394
KAGJCHMR,GKQIJYDH,7787758
KAGJCHMR,JERHKLYW,233457
KAGJCHMR,JSLXRQOK,227438
KAGJCHMR,LTOYKIML,619911
KAGJCHMR,RJGPVEXX,859546
KAGJCHMR,ZKENOUDA,576388
KEUWZRKO,EVBVXETX,5016712
KEUWZRKO,FRHNWLNI,1084738
KEUWZRKO,LUENUFGA,3491485
KEUWZRKO,NZKBIBNU,578805
KEUWZRKO,RJGPVEXX,960903
KEUWZRKO,SAHWCZNH,1827448
KEUWZRKO,UIFPPCLR,317936
KEUWZRKO,VWMBASNE,308025
KEUWZRKO,WPQXWHYO,11686529
KEUWZRKO,XIFHSOWQ,235706
KEUWZRKO,XIPPENFQ,324205
KJNSOAHR,BTMOEMEP,14565218
KJNSOAHR,EVBVXETX,4847610
KJNSOAHR,FCYBOAXC,103310488
KJNSOAHR,GKQIJYDH,7753451
KJNSOAHR,IGDVVKUD,187225
KJNSOAHR,LRVGFDFM,2049029
KJNSOAHR,QRKRBYJL,2296160
KJNSOAHR,QVLMOEYE,1093014
KJNSOAHR,RCBZUSIM,183127
KJNSOAHR,UGEQLMXM,361392
KJNSOAHR,VBYCLTYZ,680126
KJNSOAHR,ZCELVYQU,361121
LLHREMKS,AANGBULD,666386
LLHREMKS,BLANHGYY,254829
LLHREMKS,ELQGMQWE,866116
LLHREMKS,FWUCPMMW,202710
LLHREMKS,GKQIJYDH,7765302
LLHREMKS,KAGJCHMR,227356
LLHREMKS,KJNSOAHR,14256567
LLHREMKS,LSOIUSXD,430630
LLHREMKS,MBSBZBXA,4648181
LLHREMKS,QKXNTIIB,1548524
LLHREMKS,STZDBITS,21941912
LLHREMKS,UGEQLMXM,384531
LLHREMKS,VBYCLTYZ,714367
LLHREMKS,XIIEJNEE,244829
LLHREMKS,YSYHGLQK,213264
LLHREMKS,ZCELVYQU,381910
LLHREMKS,ZXERAXWP,218231
LPHPPJUG,AHMDUILJ,302586
LPHPPJUG,AXULOHBQ,372176
LPHPPJUG,DDEXPPXU,216712
LPHPPJUG,DJBLNPNC,217124
LPHPPJUG,EVBVXETX,4898026
LPHPPJUG,FQCLOEXA,2178147
LPHPPJUG,HXYSSRXE,4915779
LPHPPJUG,KEUWZRKO,653136
LPHPPJUG,LUENUFGA,3613360
LPHPPJUG,NZKBIBNU,455358
LPHPPJUG,OGAFEHLU,317393
LPHPPJUG,SAHWCZNH,1951927
LPHPPJUG,VMAQSTJE,341636
LPHPPJUG,ZKENOUDA,566085
LRVGFDFM,APQGTRMF,147939
LRVGFDFM,ATLDMDBO,43033740
LRVGFDFM,AXULOHBQ,165316
LRVGFDFM,BTMOEMEP,14538162
LRVGFDFM,DBWLZWNK,295405
LRVGFDFM,DNMPSKTB,4835838
LRVGFDFM,GYHKIVQT,19345599
LRVGFDFM,IGDVVKUD,74640
LRVGFDFM,JPBRUTWP,5611571
LRVGFDFM,LPHPPJUG,1381720
LRVGFDFM,LSOIUSXD,388866
LRVGFDFM,OGAFEHLU,67637
LRVGFDFM,OKMBFVKS,2028496
LRVGFDFM,OXKURKXR,182331
LRVGFDFM,QRKRBYJL,2276046
LRVGFDFM,QVLMOEYE,1055659
LRVGFDFM,RCBZUSIM,140501
LRVGFDFM,ROACSLMG,2242611
LRVGFDFM,SDWAYPIK,5719274
LRVGFDFM,UGEQLMXM,252132
LRVGFDFM,UXSPKBJR,578340
LRVGFDFM,VBYCLTYZ,633230
LRVGFDFM,VUAFAIYJ,1016121
LRVGFDFM,VWMBASNE,208843
LRVGFDFM,XIIEJNEE,104125
LRVGFDFM,XUOIQPFL,2198458
LSOIUSXD,AXULOHBQ,255681
LSOIUSXD,CCLHWFWF,15526558
LSOIUSXD,DUCMGGNW,924005
LSOIUSXD,ELQGMQWE,991986
LSOIUSXD,FCYBOAXC,103471972
LSOIUSXD,GYHKIVQT,19457061
LSOIUSXD,KJNSOAHR,14364228
LSOIUSXD,LRVGFDFM,2201296
LSOIUSXD,MIRCVAMV,272540
LSOIUSXD,QVLMOEYE,1152059
LSOIUSXD,UIFPPCLR,320839
LSOIUSXD,VUAFAIYJ,901693
LSOIUSXD,VWMBASNE,298132
LSOIUSXD,WBLJNPZQ,345798
LSOIUSXD,XIPPENFQ,340988
LSOIUSXD,XUOIQPFL,2196193
LSOIUSXD,ZKENOUDA,683664
LTOYKIML,DEWLVASR,634130
LTOYKIML,FTSVTTSR,386573
LTOYKIML,JPBRUTWP,5798822
LTOYKIML,JSLXRQOK,226583
LTOYKIML,LLHREMKS,248074
LTOYKIML,MBSBZBXA,4759100
LTOYKIML,NAQIHUKZ,210050
LTOYKIML,OXKURKXR,415021
LTOYKIML,VUAFAIYJ,912552
LTOYKIML,XIIEJNEE,241336
LTOYKIML,ZCELVYQU,406354
LUENUFGA,ATLDMDBO,43248730
LUENUFGA,DNMPSKTB,4982066
LUENUFGA,EVBVXETX,5005772
LUENUFGA,KJNSOAHR,14352280
LUENUFGA,LPHPPJUG,1351515
LUENUFGA,MIRCVAMV,241845
LUENUFGA,RAWUKQMJ,3978692
LUENUFGA,SAHWCZNH,1833527
LUENUFGA,VWMBASNE,303713
LUENUFGA,XIFHSOWQ,224640
LUENUFGA,XIPPENFQ,298246
LUENUFGA,ZXERAXWP,335697
MBSBZBXA,HCDTGMST,225796
MBSBZBXA,JERHKLYW,219530
MBSBZBXA,QJQJSWFU,402454
MBSBZBXA,VBYCLTYZ,812621
MIRCVAMV,CCLHWFWF,15404338
MIRCVAMV,DBWLZWNK,369870
MIRCVAMV,DDEXPPXU,228694
MIRCVAMV,KAGJCHMR,221967
MIRCVAMV,LTOYKIML,614881
MIRCVAMV,NZKBIBNU,461720
MIRCVAMV,VUAFAIYJ,1019583
MIRCVAMV,ZGJXVMNI,2484376
NAQIHUKZ,DEWLVASR,640654
NAQIHUKZ,FITUEHWN,283218
NAQIHUKZ,FTSVTTSR,341611
NAQIHUKZ,GKQIJYDH,7769932
NAQIHUKZ,KAGJCHMR,226278
NAQIHUKZ,LLHREMKS,203172
NAQIHUKZ,SAAYMURU,226177
NAQIHUKZ,STZDBITS,21927896
NAQIHUKZ,TGOELCAG,441227
NAQIHUKZ,ZCELVYQU,380739
NZKBIBNU,AANGBULD,679167
NZKBIBNU,DEWLVASR,638585
NZKBIBNU,DUCMGGNW,931779
NZKBIBNU,ELQGMQWE,885265
NZKBIBNU,EVBVXETX,4903206
NZKBIBNU,FITUEHWN,278410
NZKBIBNU,FRHNWLNI,966059
NZKBIBNU,FTSVTTSR,386186
NZKBIBNU,FWUCPMMW,229491
NZKBIBNU,JSLXRQOK,220910
NZKBIBNU,KEUWZRKO,656572
NZKBIBNU,KJNSOAHR,14255227
NZKBIBNU,LUENUFGA,3633523
NZKBIBNU,NAQIHUKZ,197338
NZKBIBNU,OKMBFVKS,2191354
NZKBIBNU,SAHWCZNH,1957235
NZKBIBNU,WPQXWHYO,11554898
NZKBIBNU,XIFHSOWQ,367705
NZKBIBNU,XIIEJNEE,234141
NZKBIBNU,XIPPENFQ,443840
OGAFEHLU,AHMDUILJ,306582
OGAFEHLU,APQGTRMF,236343
OGAFEHLU,ATLDMDBO,43126833
OGAFEHLU,BTMOEMEP,14596749
OGAFEHLU,DBWLZWNK,353663
OGAFEHLU,DNMPSKTB,4879179
OGAFEHLU,DUCMGGNW,929598
OGAFEHLU,FCYBOAXC,103358516
OGAFEHLU,FRHNWLNI,969255
OGAFEHLU,GYHKIVQT,19420897
OGAFEHLU,IGDVVKUD,212791
OGAFEHLU,JPBRUTWP,5670502
OGAFEHLU,LRVGFDFM,2089060
OGAFEHLU,OKMBFVKS,2067820
OGAFEHLU,OXKURKXR,305864
OGAFEHLU,QRKRBYJL,2315390
OGAFEHLU,QVLMOEYE,1105816
OGAFEHLU,RCBZUSIM,210100
OGAFEHLU,RJGPVEXX,962960
OGAFEHLU,ROACSLMG,2321467
OGAFEHLU,SDWAYPIK,5846584
OGAFEHLU,UGEQLMXM,373580
OGAFEHLU,UIFPPCLR,299458
OGAFEHLU,UQYUIVVR,7468122
OGAFEHLU,UXSPKBJR,679603
OGAFEHLU,VBYCLTYZ,684417
OGAFEHLU,VWMBASNE,288311
OGAFEHLU,WBLJNPZQ,375240
OGAFEHLU,WQMVCOEM,216379
OGAFEHLU,XIIEJNEE,236019
OGAFEHLU,XUOIQPFL,2186991
OGAFEHLU,ZGJXVMNI,2595864
OJIFIHMZ,AHMDUILJ,303332
OJIFIHMZ,FITUEHWN,275237
OJIFIHMZ,JERHKLYW,216142
OJIFIHMZ,KEUWZRKO,645547
OJIFIHMZ,SNHYOVBM,401020
OJIFIHMZ,STZDBITS,21930171
OKMBFVKS,APQGTRMF,240062
OKMBFVKS,ATLDMDBO,43152453
OKMBFVKS,BEZYMBBT,3097332
OKMBFVKS,BTMOEMEP,14595575
OKMBFVKS,DEWLVASR,738277
OKMBFVKS,DJBLNPNC,213493
OKMBFVKS,ELQGMQWE,989449
OKMBFVKS,FCYBOAXC,103454194
OKMBFVKS,FDXPMYGF,197406
OKMBFVKS,FQCLOEXA,2298791
OKMBFVKS,FRHNWLNI,968699
OKMBFVKS,GYHKIVQT,19432578
OKMBFVKS,IGDVVKUD,226810
OKMBFVKS,JPBRUTWP,5681572
OKMBFVKS,KJNSOAHR,14358106
OKMBFVKS,QVLMOEYE,1145720
OKMBFVKS,RCBZUSIM,222577
OKMBFVKS,RJGPVEXX,958890
OKMBFVKS,SDWAYPIK,5855189
OKMBFVKS,UIFPPCLR,312723
OKMBFVKS,VWMBASNE,299871
OKMBFVKS,ZGJXVMNI,2599453
OKMBFVKS,ZKENOUDA,684396
OKMBFVKS,ZXERAXWP,352574
OXKURKXR,APQGTRMF,241170
OXKURKXR,ATLDMDBO,43137008
OXKURKXR,AXULOHBQ,256640
OXKURKXR,BEZYMBBT,3095986
OXKURKXR,DEWLVASR,743623
OXKURKXR,DJBLNPNC,215796
OXKURKXR,DNMPSKTB,4893577
OXKURKXR,ELQGMQWE,998612
OXKURKXR,FQCLOEXA,2302372
OXKURKXR,FTSVTTSR,395618
OXKURKXR,GYHKIVQT,19448843
OXKURKXR,HXYSSRXE,4803908
OXKURKXR,JPBRUTWP,5693229
OXKURKXR,JSLXRQOK,212325
OXKURKXR,NAQIHUKZ,213535
OXKURKXR,QRKRBYJL,2354173
OXKURKXR,QVLMOEYE,1136874
OXKURKXR,RAWUKQMJ,3884403
OXKURKXR,RCBZUSIM,220456
OXKURKXR,SDWAYPIK,5865637
OXKURKXR,TGOELCAG,434055
OXKURKXR,UGEQLMXM,402235
OXKURKXR,WBLJNPZQ,372182
OXKURKXR,ZKENOUDA,683643
PYZMVUWD,AHMDUILJ,306257
PYZMVUWD,DDEXPPXU,335864
PYZMVUWD,KJNSOAHR,14362016
PYZMVUWD,LSOIUSXD,440071
PYZMVUWD,LUENUFGA,3505027
PYZMVUWD,MIRCVAMV,276775
PYZMVUWD,QJQJSWFU,327238
PYZMVUWD,RJGPVEXX,972556
PYZMVUWD,UGEQLMXM,400796
PYZMVUWD,VUAFAIYJ,1023124
PYZMVUWD,VWMBASNE,315058
PYZMVUWD,XIFHSOWQ,253469
PYZMVUWD,XIPPENFQ,336927
PYZMVUWD,XMKRPGLB,1300800
PYZMVUWD,ZXERAXWP,360418
QJQJSWFU,HCDTGMST,356097
QJQJSWFU,OKMBFVKS,2083360
QJQJSWFU,OXKURKXR,303720
QJQJSWFU,SDWAYPIK,5864052
QKXNTIIB,BLANHGYY,251231
QKXNTIIB,FTSVTTSR,377893
QKXNTIIB,JSLXRQOK,208573
QKXNTIIB,NAQIHUKZ,198822
QKXNTIIB,SNHYOVBM,409284
QKXNTIIB,TGOELCAG,435007
QKXNTIIB,XIIEJNEE,241204
QRKRBYJL,AANGBULD,774711
QRKRBYJL,APQGTRMF,231051
QRKRBYJL,ATLDMDBO,43104574
QRKRBYJL,AXULOHBQ,207565
QRKRBYJL,BEZYMBBT,3094926
QRKRBYJL,BJALXPFS,344908
QRKRBYJL,BLANHGYY,257294
QRKRBYJL,BTMOEMEP,14575888
QRKRBYJL,DEWLVASR,739790
QRKRBYJL,DNMPSKTB,4830308
QRKRBYJL,FDXPMYGF,184138
QRKRBYJL,FQCLOEXA,2294923
QRKRBYJL,FRHNWLNI,969511
QRKRBYJL,GYHKIVQT,19408851
QRKRBYJL,HXYSSRXE,4787312
QRKRBYJL,JPBRUTWP,5655734
QRKRBYJL,LPHPPJUG,1488062
QRKRBYJL,LRVGFDFM,2092993
QRKRBYJL,OGAFEHLU,207725
QRKRBYJL,OKMBFVKS,2063563
QRKRBYJL,OXKURKXR,302069
QRKRBYJL,QVLMOEYE,1090016
QRKRBYJL,RAWUKQMJ,3870174
QRKRBYJL,RCBZUSIM,200192
QRKRBYJL,RJGPVEXX,959983
QRKRBYJL,SDWAYPIK,5831536
QRKRBYJL,UGEQLMXM,373073
QRKRBYJL,UIFPPCLR,306339
QRKRBYJL,UXSPKBJR,670603
QRKRBYJL,VBYCLTYZ,674787
QRKRBYJL,WBLJNPZQ,354614
QRKRBYJL,XUOIQPFL,2174190
QRKRBYJL,ZGJXVMNI,2598896
QRKRBYJL,ZKENOUDA,683605
QVLMOEYE,APQGTRMF,234050
QVLMOEYE,ATLDMDBO,43126985
QVLMOEYE,AXULOHBQ,222987
QVLMOEYE,BEZYMBBT,3101059
QVLMOEYE,BJALXPFS,358594
QVLMOEYE,BLANHGYY,256720
QVLMOEYE,BSRMSVTC,547517
QVLMOEYE,BTMOEMEP,14581117
QVLMOEYE,DJBLNPNC,202657
QVLMOEYE,DNMPSKTB,4849123
QVLMOEYE,ELQGMQWE,984271
QVLMOEYE,FDXPMYGF,184032
QVLMOEYE,FQCLOEXA,2289767
QVLMOEYE,FRHNWLNI,969383
QVLMOEYE,GYHKIVQT,19429680
QVLMOEYE,HXYSSRXE,4783429
QVLMOEYE,JPBRUTWP,5673675
QVLMOEYE,LPHPPJUG,1477953
QVLMOEYE,OKMBFVKS,2071307
QVLMOEYE,QRKRBYJL,2311734
QVLMOEYE,RAWUKQMJ,3862674
QVLMOEYE,RCBZUSIM,199780
QVLMOEYE,SDWAYPIK,5842772
QVLMOEYE,VBYCLTYZ,688411
QVLMOEYE,VWMBASNE,312634
QVLMOEYE,WBLJNPZQ,349444
QVLMOEYE,WQMVCOEM,218366
QVLMOEYE,XUOIQPFL,2191469
QVLMOEYE,ZGJXVMNI,2599921
QVLMOEYE,ZKENOUDA,689551
RAWUKQMJ,AXULOHBQ,235010
RAWUKQMJ,DNMPSKTB,4871788
RAWUKQMJ,EVBVXETX,4996036
RAWUKQMJ,FDXPMYGF,206213
RAWUKQMJ,FQCLOEXA,2286200
RAWUKQMJ,GYHKIVQT,19443253
RAWUKQMJ,HXYSSRXE,4786404
RAWUKQMJ,NZKBIBNU,554635
RAWUKQMJ,SAHWCZNH,1820978
RAWUKQMJ,UGEQLMXM,390605
RAWUKQMJ,VMAQSTJE,224221
RAWUKQMJ,WPQXWHYO,11663674
RAWUKQMJ,ZGJXVMNI,2581862
RCBZUSIM,APQGTRMF,252656
RCBZUSIM,ATLDMDBO,43139792
RCBZUSIM,AXULOHBQ,238541
RCBZUSIM,BJALXPFS,358193
RCBZUSIM,BLANHGYY,268465
RCBZUSIM,BTMOEMEP,14609018
RCBZUSIM,DNMPSKTB,4874819
RCBZUSIM,FDXPMYGF,205500
RCBZUSIM,GYHKIVQT,19452349
RCBZUSIM,HXYSSRXE,4809896
RCBZUSIM,JPBRUTWP,5691934
RCBZUSIM,OXKURKXR,312683
RCBZUSIM,QVLMOEYE,1147260
RCBZUSIM,WBLJNPZQ,365003
RCBZUSIM,XUOIQPFL,2198786
RCBZUSIM,YSYHGLQK,328413
RCBZUSIM,ZGJXVMNI,2601121
RJGPVEXX,AANGBULD,656096
RJGPVEXX,EVBVXETX,4906609
RJGPVEXX,FITUEHWN,284045
RJGPVEXX,GYHKIVQT,19571076
RJGPVEXX,JBVHSUWY,674134
RJGPVEXX,KEUWZRKO,660921
RJGPVEXX,KJNSOAHR,14250984
RJGPVEXX,LUENUFGA,3616425
RJGPVEXX,MIRCVAMV,381051
RJGPVEXX,SAHWCZNH,1947768
RJGPVEXX,SDWAYPIK,5978548
RJGPVEXX,UQYUIVVR,7361812
RJGPVEXX,VBYCLTYZ,820749
RJGPVEXX,VUAFAIYJ,911545
RJGPVEXX,VWMBASNE,415580
RJGPVEXX,WPQXWHYO,11558837
RJGPVEXX,XIFHSOWQ,369386
RJGPVEXX,XIPPENFQ,449741
RJGPVEXX,ZKENOUDA,564720
ROACSLMG,APQGTRMF,241382
ROACSLMG,ATLDMDBO,43143831
ROACSLMG,BEZYMBBT,3097772
ROACSLMG,BTMOEMEP,14582181
ROACSLMG,DJBLNPNC,213525
ROACSLMG,FDXPMYGF,208983
ROACSLMG,IGDVVKUD,208015
ROACSLMG,JPBRUTWP,5682160
ROACSLMG,QRKRBYJL,2348581
ROACSLMG,SNHYOVBM,408225
ROACSLMG,TGOELCAG,535137
ROACSLMG,VBYCLTYZ,710363
ROACSLMG,XMKRPGLB,1288055
ROACSLMG,XUOIQPFL,2199200
SAAYMURU,BJALXPFS,361476
SAAYMURU,FWUCPMMW,225483
SAAYMURU,MBSBZBXA,4641990
SAAYMURU,STZDBITS,21944683
SAAYMURU,UQYUIVVR,7361841
SAAYMURU,XIIEJNEE,254607
SAHWCZNH,ATLDMDBO,43258641
SAHWCZNH,EVBVXETX,5015453
SAHWCZNH,FRHNWLNI,1079080
SAHWCZNH,HXYSSRXE,4915089
SAHWCZNH,JSLXRQOK,327989
SAHWCZNH,KEUWZRKO,534049
SAHWCZNH,KJNSOAHR,14361941
SAHWCZNH,LUENUFGA,3472733
SAHWCZNH,MIRCVAMV,271452
SAHWCZNH,NZKBIBNU,573095
SAHWCZNH,RJGPVEXX,962638
SAHWCZNH,WPQXWHYO,11693304
SAHWCZNH,WQMVCOEM,321690
SAHWCZNH,XIFHSOWQ,217299
SAHWCZNH,XIPPENFQ,318654
SDWAYPIK,AANGBULD,782918
SDWAYPIK,APQGTRMF,212501
SDWAYPIK,ATLDMDBO,43108412
SDWAYPIK,AXULOHBQ,249557
SDWAYPIK,BEZYMBBT,3069880
SDWAYPIK,BTMOEMEP,14576767
SDWAYPIK,DBWLZWNK,338468
SDWAYPIK,DEWLVASR,734651
SDWAYPIK,DNMPSKTB,4852306
SDWAYPIK,DUCMGGNW,904731
SDWAYPIK,GYHKIVQT,19401340
SDWAYPIK,HXYSSRXE,4777722
SDWAYPIK,IGDVVKUD,205818
SDWAYPIK,JPBRUTWP,5650853
SDWAYPIK,KJNSOAHR,14358681
SDWAYPIK,LPHPPJUG,1479027
SDWAYPIK,LRVGFDFM,2074466
SDWAYPIK,LSOIUSXD,429529
SDWAYPIK,OGAFEHLU,178334
SDWAYPIK,OKMBFVKS,2047621
SDWAYPIK,OXKURKXR,261396
SDWAYPIK,QJQJSWFU,307884
SDWAYPIK,QRKRBYJL,2307359
SDWAYPIK,QVLMOEYE,1096349
SDWAYPIK,RAWUKQMJ,3864040
SDWAYPIK,RCBZUSIM,191754
SDWAYPIK,RJGPVEXX,941316
SDWAYPIK,UGEQLMXM,361927
SDWAYPIK,UIFPPCLR,290687
SDWAYPIK,UXSPKBJR,654764
SDWAYPIK,VBYCLTYZ,675383
SDWAYPIK,VWMBASNE,303199
SDWAYPIK,WBLJNPZQ,357036
SDWAYPIK,WQMVCOEM,193862
SDWAYPIK,XUOIQPFL,2160120
SDWAYPIK,ZGJXVMNI,2588920
SDWAYPIK,ZKENOUDA,692710
SNHYOVBM,AHMDUILJ,409341
SNHYOVBM,BLANHGYY,256998
SNHYOVBM,DBWLZWNK,362060
SNHYOVBM,DJBLNPNC,198304
SNHYOVBM,DUCMGGNW,1042286
STZDBITS,FWUCPMMW,0
STZDBITS,LTOYKIML,409191
STZDBITS,XIIEJNEE,158227
STZDBITS,YSYHGLQK,0
SUOYXCHP,FITUEHWN,285446
SUOYXCHP,HCDTGMST,243765
SUOYXCHP,KEUWZRKO,550843
SUOYXCHP,QJQJSWFU,328263
SUOYXCHP,RJGPVEXX,963094
SUOYXCHP,STZDBITS,21934045
SUOYXCHP,WPQXWHYO,11666664
TGOELCAG,KEUWZRKO,537616
TGOELCAG,LLHREMKS,262243
TGOELCAG,LUENUFGA,3501005
TGOELCAG,OJIFIHMZ,3244886
TGOELCAG,XIFHSOWQ,266979
TGOELCAG,XMKRPGLB,1192647
TGOELCAG,YSYHGLQK,216959
UGEQLMXM,APQGTRMF,241728
UGEQLMXM,ATLDMDBO,43135293
UGEQLMXM,AXULOHBQ,262568
UGEQLMXM,BTMOEMEP,14571516
UGEQLMXM,DBWLZWNK,353331
UGEQLMXM,DJBLNPNC,187647
UGEQLMXM,DNMPSKTB,4891129
UGEQLMXM,DUCMGGNW,931052
UGEQLMXM,FQCLOEXA,2301035
UGEQLMXM,GYHKIVQT,19431634
UGEQLMXM,HXYSSRXE,4792780
UGEQLMXM,IGDVVKUD,199565
UGEQLMXM,JPBRUTWP,5671761
UGEQLMXM,KJNSOAHR,14361171
UGEQLMXM,LPHPPJUG,1471542
UGEQLMXM,LSOIUSXD,430726
UGEQLMXM,OGAFEHLU,204933
UGEQLMXM,OKMBFVKS,2074525
UGEQLMXM,OXKURKXR,303359
UGEQLMXM,QRKRBYJL,2327896
UGEQLMXM,QVLMOEYE,1110497
UGEQLMXM,RAWUKQMJ,3881007
UGEQLMXM,RCBZUSIM,221655
UGEQLMXM,ROACSLMG,2324341
UGEQLMXM,SDWAYPIK,5832220
UGEQLMXM,UXSPKBJR,676934
UGEQLMXM,VBYCLTYZ,683401
UGEQLMXM,VWMBASNE,300461
UGEQLMXM,WHPUAOID,228948
UGEQLMXM,XUOIQPFL,2199566
UGEQLMXM,ZGJXVMNI,2592583
UGEQLMXM,ZKENOUDA,685213
UIFPPCLR,APQGTRMF,248625
UIFPPCLR,BEZYMBBT,3106211
UIFPPCLR,DEWLVASR,741640
UIFPPCLR,ELQGMQWE,995408
UIFPPCLR,GYHKIVQT,19434672
UIFPPCLR,HXYSSRXE,4808614
UIFPPCLR,KJNSOAHR,14374044
UIFPPCLR,QRKRBYJL,2348741
UIFPPCLR,QVLMOEYE,1151086
UIFPPCLR,SDWAYPIK,5863800
UIFPPCLR,UXSPKBJR,675601
UIFPPCLR,VBYCLTYZ,714233
UIFPPCLR,WQMVCOEM,218137
UIFPPCLR,XUOIQPFL,2194328
UIFPPCLR,ZKENOUDA,686520
UQYUIVVR,HCDTGMST,246523
UQYUIVVR,OGAFEHLU,210786
UQYUIVVR,TGOELCAG,422226
UQYUIVVR,UIFPPCLR,420504
UQYUIVVR,VMAQSTJE,230532
UQYUIVVR,WHPUAOID,240411
UQYUIVVR,WQMVCOEM,204618
UQYUIVVR,ZKENOUDA,572298
UXSPKBJR,APQGTRMF,239143
UXSPKBJR,ATLDMDBO,43131904
UXSPKBJR,BTMOEMEP,14599153
UXSPKBJR,DBWLZWNK,354960
UXSPKBJR,DNMPSKTB,4890117
UXSPKBJR,FRHNWLNI,968097
UXSPKBJR,HXYSSRXE,4779982
UXSPKBJR,IGDVVKUD,222530
UXSPKBJR,JPBRUTWP,5681183
UXSPKBJR,KEUWZRKO,651027
UXSPKBJR,LRVGFDFM,2089255
UXSPKBJR,NZKBIBNU,462070
UXSPKBJR,OJIFIHMZ,3132284
UXSPKBJR,QRKRBYJL,2331351
UXSPKBJR,QVLMOEYE,1131197
UXSPKBJR,RAWUKQMJ,3866078
UXSPKBJR,RCBZUSIM,196780
UXSPKBJR,SAHWCZNH,1949566
UXSPKBJR,SDWAYPIK,5859277
UXSPKBJR,VBYCLTYZ,705097
UXSPKBJR,WQMVCOEM,203823
UXSPKBJR,XIIEJNEE,255689
VBYCLTYZ,APQGTRMF,230279
VBYCLTYZ,ATLDMDBO,43120026
VBYCLTYZ,AXULOHBQ,242001
VBYCLTYZ,BEZYMBBT,3095920
VBYCLTYZ,BJALXPFS,362964
VBYCLTYZ,BLANHGYY,246323
VBYCLTYZ,BTMOEMEP,14568990
VBYCLTYZ,DJBLNPNC,202212
VBYCLTYZ,DNMPSKTB,4859995
VBYCLTYZ,FDXPMYGF,188377
VBYCLTYZ,FRHNWLNI,969713
VBYCLTYZ,GYHKIVQT,19434123
VBYCLTYZ,HXYSSRXE,4795001
VBYCLTYZ,IGDVVKUD,215938
VBYCLTYZ,JPBRUTWP,5674986
VBYCLTYZ,LPHPPJUG,1483629
VBYCLTYZ,OXKURKXR,312971
VBYCLTYZ,QRKRBYJL,2319578
VBYCLTYZ,QVLMOEYE,1111426
VBYCLTYZ,RAWUKQMJ,3866541
VBYCLTYZ,RCBZUSIM,211194
VBYCLTYZ,SDWAYPIK,5843425
VBYCLTYZ,UGEQLMXM,397277
VBYCLTYZ,UXSPKBJR,677439
VBYCLTYZ,WQMVCOEM,209017
VBYCLTYZ,XUOIQPFL,2197042
VBYCLTYZ,ZGJXVMNI,2593045
VBYCLTYZ,ZKENOUDA,680536
VMAQSTJE,EVBVXETX,5008438
VMAQSTJE,KEUWZRKO,533329
VMAQSTJE,LUENUFGA,3515595
VMAQSTJE,OGAFEHLU,220379
VMAQSTJE,OJIFIHMZ,3133536
VMAQSTJE,PYZMVUWD,217289
VMAQSTJE,RCBZUSIM,229543
VMAQSTJE,STZDBITS,21940295
VMAQSTJE,UIFPPCLR,314917
VMAQSTJE,VWMBASNE,306630
VMAQSTJE,WPQXWHYO,11667943
VMAQSTJE,XIFHSOWQ,252035
VUAFAIYJ,APQGTRMF,366703
VUAFAIYJ,CCLHWFWF,15412752
VUAFAIYJ,FCYBOAXC,103466698
VUAFAIYJ,LLHREMKS,262273
VUAFAIYJ,LRVGFDFM,2086166
VUAFAIYJ,LSOIUSXD,581034
VUAFAIYJ,UGEQLMXM,505848
VUAFAIYJ,UIFPPCLR,422510
VUAFAIYJ,VWMBASNE,419619
VUAFAIYJ,WBLJNPZQ,372104
VUAFAIYJ,WHPUAOID,247497
VUAFAIYJ,XIPPENFQ,444697
VUAFAIYJ,ZCELVYQU,405178
VUAFAIYJ,ZXERAXWP,244495
VWMBASNE,CCLHWFWF,15384051
VWMBASNE,FCYBOAXC,103469463
VWMBASNE,LRVGFDFM,2091156
VWMBASNE,MIRCVAMV,235423
VWMBASNE,WBLJNPZQ,341543
VWMBASNE,XIPPENFQ,326760
WBLJNPZQ,AANGBULD,783679
WBLJNPZQ,ATLDMDBO,43147710
WBLJNPZQ,BJALXPFS,355646
WBLJNPZQ,BSRMSVTC,547779
WBLJNPZQ,BTMOEMEP,14610161
WBLJNPZQ,CCLHWFWF,15401248
WBLJNPZQ,DBWLZWNK,367790
WBLJNPZQ,DEWLVASR,753426
WBLJNPZQ,FQCLOEXA,2295234
WBLJNPZQ,HXYSSRXE,4794730
WBLJNPZQ,JPBRUTWP,5660914
WBLJNPZQ,LPHPPJUG,1479165
WBLJNPZQ,LRVGFDFM,2087509
WBLJNPZQ,LSOIUSXD,427773
WBLJNPZQ,MIRCVAMV,276688
WBLJNPZQ,OGAFEHLU,205945
WBLJNPZQ,OKMBFVKS,2082877
WBLJNPZQ,OXKURKXR,311562
WBLJNPZQ,QRKRBYJL,2346278
WBLJNPZQ,QVLMOEYE,1151571
WBLJNPZQ,RAWUKQMJ,3883138
WBLJNPZQ,RJGPVEXX,972108
WBLJNPZQ,SDWAYPIK,5855820
WBLJNPZQ,SNHYOVBM,522278
WBLJNPZQ,UGEQLMXM,385363
WBLJNPZQ,UIFPPCLR,318788
WBLJNPZQ,VUAFAIYJ,1032645
WBLJNPZQ,XIFHSOWQ,263601
WBLJNPZQ,XUOIQPFL,2203794
WBLJNPZQ,ZGJXVMNI,2603852
WBLJNPZQ,ZKENOUDA,697711
WHPUAOID,DUCMGGNW,930199
WHPUAOID,FDXPMYGF,221175
WHPUAOID,LLHREMKS,257650
WHPUAOID,LRVGFDFM,2096973
WHPUAOID,OJIFIHMZ,3134460
WHPUAOID,XMKRPGLB,1302827
WPQXWHYO,EVBVXETX,4866826
WPQXWHYO,KJNSOAHR,14208285
WPQXWHYO,LUENUFGA,3584377
WPQXWHYO,MIRCVAMV,332551
WPQXWHYO,NZKBIBNU,402277
WPQXWHYO,RJGPVEXX,791873
WPQXWHYO,SAHWCZNH,1917287
WPQXWHYO,VMAQSTJE,302772
WPQXWHYO,XIFHSOWQ,347528
WPQXWHYO,XIPPENFQ,420863
WPQXWHYO,ZKENOUDA,523900
WQMVCOEM,AXULOHBQ,266961
WQMVCOEM,BJALXPFS,366906
WQMVCOEM,DNMPSKTB,4890752
WQMVCOEM,FDXPMYGF,222691
WQMVCOEM,HXYSSRXE,4811511
WQMVCOEM,JPBRUTWP,5680233
WQMVCOEM,OGAFEHLU,208242
XIFHSOWQ,AXULOHBQ,371411
XIFHSOWQ,EVBVXETX,5024245
XIFHSOWQ,FCYBOAXC,103464676
XIFHSOWQ,FRHNWLNI,1078712
XIFHSOWQ,LUENUFGA,3490226
XIFHSOWQ,MIRCVAMV,238755
XIFHSOWQ,NZKBIBNU,574572
XIFHSOWQ,SAHWCZNH,1838493
XIFHSOWQ,VWMBASNE,282719
XIFHSOWQ,WPQXWHYO,11687258
XIFHSOWQ,XIPPENFQ,302037
XIIEJNEE,ATLDMDBO,43141160
XIIEJNEE,BTMOEMEP,14566864
XIIEJNEE,BUZIIBYG,14289176
XIIEJNEE,DBWLZWNK,368941
XIIEJNEE,DJBLNPNC,157459
XIIEJNEE,EVBVXETX,4903993
XIIEJNEE,FRHNWLNI,963185
XIIEJNEE,FWUCPMMW,219470
XIIEJNEE,HXYSSRXE,4806107
XIIEJNEE,IGDVVKUD,170263
XIIEJNEE,LRVGFDFM,2095406
XIIEJNEE,OKMBFVKS,2077515
XIIEJNEE,QRKRBYJL,2341301
XIIEJNEE,QVLMOEYE,1128978
XIIEJNEE,RCBZUSIM,217732
XIIEJNEE,ROACSLMG,2317241
XIIEJNEE,SAAYMURU,237693
XIIEJNEE,SDWAYPIK,5855875
XIIEJNEE,SNHYOVBM,396178
XIIEJNEE,UGEQLMXM,404600
XIIEJNEE,UXSPKBJR,676549
XIIEJNEE,VBYCLTYZ,687817
XIIEJNEE,VWMBASNE,314841
XIIEJNEE,WHPUAOID,234429
XIPPENFQ,DDEXPPXU,220290
XIPPENFQ,FCYBOAXC,103464441
XIPPENFQ,MIRCVAMV,242582
XIPPENFQ,ZGJXVMNI,2482260
XMKRPGLB,BSRMSVTC,647726
XMKRPGLB,SNHYOVBM,411085
XUOIQPFL,APQGTRMF,217920
XUOIQPFL,ATLDMDBO,43123081
XUOIQPFL,BEZYMBBT,3090502
XUOIQPFL,BTMOEMEP,14584105
XUOIQPFL,DBWLZWNK,330716
XUOIQPFL,DEWLVASR,736694
XUOIQPFL,DJBLNPNC,201627
XUOIQPFL,DNMPSKTB,4862758
XUOIQPFL,GYHKIVQT,19419944
XUOIQPFL,IGDVVKUD,200940
XUOIQPFL,JPBRUTWP,5647593
XUOIQPFL,KJNSOAHR,14348044
XUOIQPFL,LPHPPJUG,1456371
XUOIQPFL,LRVGFDFM,2065700
XUOIQPFL,LSOIUSXD,430169
XUOIQPFL,OGAFEHLU,172452
XUOIQPFL,OKMBFVKS,2049548
XUOIQPFL,OXKURKXR,275986
XUOIQPFL,QRKRBYJL,2308708
XUOIQPFL,QVLMOEYE,1085197
XUOIQPFL,RAWUKQMJ,3850685
XUOIQPFL,RCBZUSIM,210538
XUOIQPFL,SDWAYPIK,5814956
XUOIQPFL,UGEQLMXM,359228
XUOIQPFL,UIFPPCLR,301105
XUOIQPFL,UXSPKBJR,663874
XUOIQPFL,VBYCLTYZ,673576
XUOIQPFL,VWMBASNE,284844
XUOIQPFL,XIIEJNEE,225664
XUOIQPFL,ZGJXVMNI,2588582
XUOIQPFL,ZKENOUDA,681722
YSYHGLQK,AANGBULD,672915
YSYHGLQK,HCDTGMST,255795
YSYHGLQK,LPHPPJUG,1360251
YSYHGLQK,ZXERAXWP,245188
ZCELVYQU,BJALXPFS,367306
ZCELVYQU,BLANHGYY,242799
ZCELVYQU,ELQGMQWE,882446
ZCELVYQU,FWUCPMMW,211351
ZCELVYQU,LSOIUSXD,441178
ZCELVYQU,MBSBZBXA,4647154
ZCELVYQU,UGEQLMXM,390190
ZCELVYQU,WBLJNPZQ,371488
ZCELVYQU,ZXERAXWP,242227
ZGJXVMNI,AANGBULD,641901
ZGJXVMNI,ATLDMDBO,43261435
ZGJXVMNI,BEZYMBBT,3193697
ZGJXVMNI,DDEXPPXU,219726
ZGJXVMNI,DEWLVASR,607469
ZGJXVMNI,DNMPSKTB,5011489
ZGJXVMNI,EVBVXETX,4888808
ZGJXVMNI,FQCLOEXA,2168005
ZGJXVMNI,GYHKIVQT,19578295
ZGJXVMNI,JSLXRQOK,207157
ZGJXVMNI,KEUWZRKO,638451
ZGJXVMNI,LPHPPJUG,1354669
ZGJXVMNI,NZKBIBNU,450806
ZGJXVMNI,OKMBFVKS,2183936
ZGJXVMNI,QRKRBYJL,2457051
ZGJXVMNI,QVLMOEYE,1245460
ZGJXVMNI,RAWUKQMJ,3981097
ZGJXVMNI,RJGPVEXX,830097
ZGJXVMNI,SAHWCZNH,1945404
ZGJXVMNI,SDWAYPIK,5985936
ZGJXVMNI,UGEQLMXM,508019
ZGJXVMNI,UQYUIVVR,7354882
ZGJXVMNI,VBYCLTYZ,812654
ZGJXVMNI,VUAFAIYJ,900152
ZGJXVMNI,WBLJNPZQ,469949
ZGJXVMNI,WPQXWHYO,11541726
ZGJXVMNI,XUOIQPFL,2308425
ZGJXVMNI,ZKENOUDA,541206
ZKENOUDA,AANGBULD,655480
ZKENOUDA,APQGTRMF,366733
ZKENOUDA,BEZYMBBT,3216329
ZKENOUDA,DEWLVASR,588837
ZKENOUDA,DNMPSKTB,5004383
ZKENOUDA,ELQGMQWE,885159
ZKENOUDA,EVBVXETX,4898357
ZKENOUDA,FITUEHWN,278822
ZKENOUDA,FQCLOEXA,2189244
ZKENOUDA,FTSVTTSR,382059
ZKENOUDA,GKQIJYDH,7785166
ZKENOUDA,GYHKIVQT,19585013
ZKENOUDA,KJNSOAHR,14235099
ZKENOUDA,NAQIHUKZ,218015
ZKENOUDA,OKMBFVKS,2202419
ZKENOUDA,QVLMOEYE,1254354
ZKENOUDA,RJGPVEXX,856026
ZKENOUDA,SDWAYPIK,5983682
ZKENOUDA,UIFPPCLR,428691
ZKENOUDA,VMAQSTJE,348386
ZKENOUDA,VUAFAIYJ,913332
ZKENOUDA,XIIEJNEE,239086
ZKENOUDA,XUOIQPFL,2323447
ZKENOUDA,ZCELVYQU,381190
ZKENOUDA,ZGJXVMNI,2485838
ZKENOUDA,ZXERAXWP,237179
ZXERAXWP,BEZYMBBT,3217459
ZXERAXWP,CCLHWFWF,15526259
ZXERAXWP,DBWLZWNK,477316
ZXERAXWP,FITUEHWN,287741
ZXERAXWP,MIRCVAMV,382050
ZXERAXWP,UIFPPCLR,437398
ZXERAXWP,WHPUAOID,236284
